keyword,seed,rank
dream journal angeli,,1
dream journal and interpretation,,2
dream journal and meaning,,3
dream journal astral barbie,,4
dream journal set,,5
dream journal amanda henneman,,6
dream journal always dream big,,7
dream journal book,,1
dream journal blank,,2
dream journal by brenda wright,,3
dream journal by alexandra ortolaza,,4
dream journal by kati martin,,5
dream journal by amber austin,,6
dream journal by sage s,,7
dream journal blank lined,,8
dream journal for women,,1
dream journal for men,,2
dream journal for kids,,3
dream journal for girls,,4
dream journal for women to write in,,5
dream journal for women spiritual,,6
dream journal for women christian,,7
dream journal for women sketch notebook,,8
dream journal for kids ages 8-12,,9
dream journal for black women,,10
dream journals,,1
dream journals for writing,,2
dream journals for women,,3
dream journal dark mountains,,4
dream journal diary,,5
dream journal dianna chamorro,,6
dream journals for kids,,7
dream journal dream catcher,,8
dream journals for girls,,9
dream journal eric johnson,,1
dream journal e f,,2
dream journal for women,,1
dream journal for men,,2
dream journal for kids,,3
dream journal for girls,,4
dream journal for women to write in,,5
dream journal for women spiritual,,6
dream journal for women christian,,7
dreams journal for women,,8
dream journal for women sketch notebook,,9
dream journals for writing,,10
dream journal for women,,1
dream journal for men,,2
dream journal for kids,,3
dream journal for girls,,4
dream journal for women to write in,,5
dream journal for women spiritual,,6
dream journal for women christian,,7
dream journal for women sketch notebook,,8
dream journal for kids ages 8-12,,9
dream journal for black women,,10
dream journal hardcover,,1
dream journal heidi may,,2
dream journal kit,,1
dream journal kit for kids,,2
dream journal jenyan mountains,,1
dream journal john paul jackson,,2
dream journal kit,,3
dream journal jay reci,,4
dream journal jude kirby,,5
dream journal kit for kids,,6
dream journal kelly turner,,1
dream journal kids,,2
dream journal kati martin,,3
dream journal kit,,4
dream journal kay hart,,5
dream journal kit for kids,,6
dream journals,,1
dream journals for writing,,2
dream journals for women,,3
dream journal log book,,4
dream journal leather,,5
dream journal logbook,,6
dream journals for kids,,7
dream journal ld knight,,8
dream journals for girls,,9
dream journal lyla,,10
dream journal notebook for your dreams,,1
dream journal notebook,,2
dream journal notebook for your dreams and their interpretations,,3
dream journal notebook for adults,,4
dream journal moon,,5
dream journal notebook with prompts,,6
dream journal notebook for women,,7
dream journal notebook for your dreams beach,,8
dream journal moon 7x10,,9
dream journal men,,10
dream journal notebook for your dreams,,1
dream journal notebook,,2
dream journal notebook for your dreams and their interpretations,,3
dream journal notebook for adults,,4
dreams journal notebook,,5
dream journal notebook with prompts,,6
dream journal notebook for women,,7
dream journal notebook for your dreams beach,,8
dream journal notebook lined,,9
dream journal notepad,,10
dream journal for women,,1
dream journal for men,,2
dream journal for kids,,3
dream journal for girls,,4
dream journal for women to write in,,5
dream journal for women spiritual,,6
dream journal for women christian,,7
dream journal for women sketch notebook,,8
dream journal for kids ages 8-12,,9
dream journal for black women,,10
dream journal pen,,1
dream journal paperback,,2
dream journal perfectly press,,3
dream journal and interpretation,,1
dream journal and meaning,,2
dream journal quidonya,,3
dream journal rose inserra,,1
dream journals,,1
dream journals for writing,,2
dream journals for women,,3
dream journal sharkboy and lavagirl,,4
dream journal stickers,,5
dream journals for kids,,6
dream journal small business,,7
dream journal spiral bound,,8
dream journal spiral,,9
dream journal sage s,,10
dream journal for women,,1
dream journal for men,,2
dream journal for kids,,3
dream journal for girls,,4
dream journal for women to write in,,5
dream journal for women spiritual,,6
dream journal for women christian,,7
dream journal for women sketch notebook,,8
dream journal for kids ages 8-12,,9
dream journal for black women,,10
dream journal unlined,,1
dream journal under 15,,2
dream journal with prompts,,1
dream journal with lock,,2
dream journal with guided prompts,,3
dream journal with moon,,4
dream journal with pen,,5
dream journal witch,,6
dream journal with interpretation,,7
dream journal with feathers,,8
dream journal with light,,9
dream journal with dream catcher,,10
dream journal yellow,,1
dream journal set,,1
dream journal 120 pages,,1
dream journal 5.00,,1
dream journal 8.5x11,,1
christian dream journal,,1
clever fox dream journal,,2
guided dream journal,,1
john paul jackson dream journal,,1
kids dream journal,,1
lucid dream journal,,1
my dream journal,,1
moon dream journal,,2
pause pray dream journal,,1
the essential dream journal,,1